{
    "answers": {
        "phase":  "coding",
        "action":  "source code authoring",
        "scope": "api",
        "action experience": "little",
        "prog lang": "python",
        "other prog lang": "<fill in>",
        "tool": "other",
        "other tool": "bing ai copilot",
        "tool option": "free",
        "tool experience": "enough",
        "time allocated (h)": "1",
        "time saved estimate (h)": "2", 
        "quality of ai help": "minor modifications needed",
        "generic feeling": "great in the future",
        "notes": "<fill in>"
    }
}