{
    "answers": {
        "phase": "coding",
        "action": "code management",
        "scope": "api",
        "action experience": "fair",
        "prog lang": "python",
        "other prog lang": "sql",
        "tool": "chat gpt 3.x",
        "other tool": "<fill in>",
        "tool option": "free",
        "tool experience": "enough",
        "time allocated (h)": "1",
        "time saved estimate (h)": "3", 
        "quality of ai help": "ready-to-use",
        "generic feeling": "needs work",
        "notes": "<fill in>"
    }
}
