{
    "answers": {
        "phase": "coding",
        "action": "code management",
        "scope":  "api",
        "action experience": "big",
        "prog lang": "python",
        "other prog lang": "sql",
        "tool": "chat gpt 3.x",
        "other tool": "<fill in>",
        "tool option": "free",
        "tool experience": "master",
        "time allocated (h)": "2",
        "time saved estimate (h)": "4", 
        "quality of ai help": "ready-to-use",
        "generic feeling": "great as-is",
        "notes": "Chatgpt is very good at writing python endpoints!"
    }
}
