{
    "answers": {
        "phase": 
            "deployment",
        "action": 
            "dev-ops",
        "scope": 
            "deployment scripts"
        ,
        "action experience": 
            "fair"
        ,
        "prog lang": 
            "n/a"
        ,
        "other prog lang": ["<fill in>"],
        "tool": 
            "chat gpt 4.x"
        ,
        "other tool": "Docker, Nginx",
        "tool option": 
            "full",
        "tool experience": 
            "some"
        ,
        "time allocated (h)": "5",
        "time saved estimate (h)": "100",
        "quality of ai help": 
            "minor modifications needed"
        ,
        "generic feeling": 
            "needs work"
        ,
        "notes": "Troubleshooting Docker and Nginx setup for FastAPI deployment; encountered issues with container setup, nginx.conf configuration, and HTTPS setup."
    }
}
