{
    "answers": {
        "phase": "deployment",
        "action": "dev-ops",
        "action experience": "fair",
        "scope": "backend",
        "prog lang": "python",
        "other prog lang": "<fill in>",
        "tool": "chat gpt 4.x",
        "other tool": "PythonAnywhere",
        "tool option": "free",
        "tool experience": "some",
        "time allocated (h)": "1",
        "time saved estimate (h)": "2",
        "quality of ai help": "minor modifications needed",
        "generic feeling": "needs work",
        "notes": "<fill in>"
    }
}
