{
    "answers": {
        "phase":  "architecture",
        "action": "problem understanding",
        "scope": "uml class",
        "action experience": "big",
        "prog lang": "n/a",
        "other prog lang": "<fill in>",
        "tool": "chat gpt 3.x",
        "other tool": "<fill in>",
        "tool option": "free",
        "tool experience": "none",
        "time allocated (h)": "0.01",
        "time saved estimate (h)": "1", 
        "quality of ai help": "ready-to-use",
        "generic feeling": "great as-is",
        "notes": "<fill in>"
    }
}