{
    "answers": {
        "phase": "testing",
        "action": "problem understanding",
        "scope": "test execution scripts",
        "action experience": "none",
        "prog lang": "python",
        "other prog lang": "<fill in>",
        "tool": "other",
        "other tool": "Bing AI Copilot",
        "tool option": "free trial",
        "tool experience": "enough",
        "time allocated (h)": "1",
        "time saved estimate (h)": "4", 
        "quality of ai help": "major modifications needed",
        "generic feeling": "great in the future",
        "notes": "<fill in>"
    }
}
