{
    "answers": {
        "phase": "requirements gathering",
        "action": "problem understanding",
        "scope": "uml sequence",
        "action experience": "fair",
        "prog lang": "n/a",
        "other prog lang": "<fill in>",
        "tool": "other",
        "other tool": "Bing AI",
        "tool option": "free",
        "tool experience": "some",
        "time allocated (h)": "0.5",
        "time saved estimate (h)": "3", 
        "quality of ai help": "minor modifications needed",
        "generic feeling": "great in the future",
        "notes": "<fill in>"
    }
}