{
    "answers": {
        "phase": "design",
        "action": "data design",
        "scope": "database design",
        "action experience": "fair",
        "prog lang": "n/a",
        "other prog lang": "<fill in>",
        "tool": "chat gpt 3.x",
        "other tool": "<fill in>",
        "tool option": "free",
        "tool experience": "enough",
        "time allocated (h)": "0.1",
        "time saved estimate (h)": "2", 
        "quality of ai help": "major modifications needed",
        "generic feeling": "great in the future",
        "notes": "Helped with database design but wasn't very flexible to modifications."
    }
}