{
    "answers": {
	    "phase": "coding",
	    "action": "source code authoring",
	    "action experience": "fair",
	    "scope": "backend",
	    "prog lang": "sql",
	    "other prog lang": "<fill in>",
	    "tool": "chat gpt 4.x",
	    "other tool": "FastAPI, SQLAlchemy",
	    "tool option": "free",
	    "tool experience": "some",
	    "time allocated (h)": "17",
	    "time saved estimate (h)": "67",
	    "quality of ai help": "minor modifications needed",
	    "generic feeling": "needs work",
	    "notes": "Integrating database queries with FastAPI; encountered issues with async queries and table relationships."
    }
}
