{
    "answers": {
        "phase": "testing",
        "action": "other testing",
        "scope": "test cases", 
        "action experience": "little",
        "prog lang": "python",
        "other prog lang": "<fill in>",
        "tool": "other",
        "other tool": "Bing AI Copilot",
        "tool option": "free",
        "tool experience": "enough",
        "time allocated (h)": "0.25",
        "time saved estimate (h)": "2", 
        "quality of ai help": "minor modifications needed",
        "generic feeling": "needs work",
        "notes": "<fill in>"
    }
}
