{
    "answers": {
        "phase": "architecture",
        "action": "problem understanding", 
        "scope": "uml deployment",
        "action experience": "little",
        "prog lang": "n/a",
        "other prog lang": "<fill in>",
        "tool": "chat gpt 3.x",
        "other tool": "<fill in>",
        "tool option": "free",
        "tool experience": "some",
        "time allocated (h)": "0.2",
        "time saved estimate (h)": "1", 
        "quality of ai help": "unusable",
        "generic feeling": "needs work",
        "notes": "Not much experience on the subject."
    }
}