{
    "answers": {
        "phase": "coding",
        "action": "source code authoring",
        "scope": "cli",
        "action experience": "none",
        "prog lang": "python",
        "other prog lang": "<fill in>",
        "tool": "other",
        "other tool": "Bing AI",
        "tool option": "free",
        "tool experience": "enough",
        "time allocated (h)": "0.5",
        "time saved estimate (h)": "2", 
        "quality of ai help": "minor modifications needed",
        "generic feeling": "great as-is",
        "notes": "<fill in>"
    }
}