{
    "answers": {
        "phase": "requirements specification",
        "action": "use case specification",
        "scope": "documentation (text)", 
        "action experience": "none",
        "prog lang": "n/a",
        "other prog lang": "<fill in>",
        "tool": "chat gpt 3.x",
        "other tool": "<fill in>",
        "tool option": "free",
        "tool experience": "enough",
        "time allocated (h)": "0.05",
        "time saved estimate (h)": "0.33", 
        "quality of ai help": "major modifications needed",
        "generic feeling": "great as-is",
        "notes": "<fill in>"
    }
}
