{
    "answers": {
        "phase": "testing", 
        "action": "functional testing",
        "scope": "test execution scripts",
        "action experience": "none",
        "prog lang": "python", 
        "other prog lang": "<fill in>",
        "tool": "other",
        "other tool": "Bing AI Copilot",
        "tool option": "free",
        "tool experience": "enough",
        "time allocated (h)": "0.5",
        "time saved estimate (h)": "2", 
        "quality of ai help": "unusable",
        "generic feeling": "needs work",
        "notes": "<fill in>"
    }
}
