{
  "answers": {
    "phase": "coding",
    "action": "source code authoring",
    "action experience": "fair",
    "scope": "backend",
    "prog lang": "python",
    "other prog lang": "<fill in>",
    "tool": "chat gpt 3.x",
    "other tool": "<fill in>",
    "tool option": "free",
    "tool experience": "some",
    "time allocated (h)": "8",
    "time saved estimate (h)": "3",
    "quality of ai help": "minor modifications needed",
    "generic feeling": "great as-is",
    "notes": "<fill in>"
  }
}
