{
    "answers": {
        "phase": "testing",
        "action": "unit testing",
        "scope": "cli",
        "action experience": "none",
        "prog lang": "python",
        "other prog lang": "<fill in>",
        "tool": "other",
        "other tool": "Bing AI Copilot",
        "tool option": "free",
        "tool experience": "enough",
        "time allocated (h)": "0.5",
        "time saved estimate (h)": "5", 
        "quality of ai help": "major modifications needed",
        "generic feeling": "needs work",
        "notes": "<fill in>"
    }
}
