{
    "answers": {
        "phase": "coding",
        "action": "source code authoring",
        "action experience": "fair",
        "scope": "api",
        "prog lang": "python",
        "other prog lang": "<fill in>",
        "tool": "chat gpt 4.x",
        "other tool": "<fill in>",
        "tool option": "full",
        "tool experience": "enough",
        "time allocated (h)": "1",
        "time saved estimate (h)": "2", 
        "quality of ai help": "major modifications needed",
        "generic feeling": "great as-is",
        "notes": "AI is great, but i didn't want to ask it to code the app for me. I only wanted it to make it easier for me to debug errors"
    }
}
