{
    "answers": {
        "phase": "design",
        "action": "design decision",
        "scope": "frontend",
        "action experience": "big",
        "prog lang": "python",
        "other prog lang": "jinja web template",
        "tool": "chat gpt 3.x",
        "other tool": "<fill in>",
        "tool option": "free",
        "tool experience": "enough",
        "time allocated (h)": "0.15",
        "time saved estimate (h)": "2", 
        "quality of ai help": "minor modifications needed",
        "generic feeling": "great as-is",
        "notes": "<fill in>"
    }
}
