{
    "answers": {
        "phase": "testing",
        "action": "functional testing", 
        "scope": "cli", 
        "action experience": "none",
        "prog lang": "python",
        "other prog lang": "<fill in>",
        "tool": "other",
        "other tool": "Bing AI Copilot",
        "tool option": "free",
        "tool experience": "enough", 
        "time allocated (h)": "1",
        "time saved estimate (h)": "4", 
        "quality of ai help": "minor modifications needed",
        "generic feeling": "great as-is",
        "notes": "<fill in>"
    }
}
